{"train loss": 588422.0625, "step": 64, "epoch": 7, "_timestamp": 1670048364.074036, "_runtime": 90.71948599815369, "_step": 63, "_wandb": {"runtime": 90}}