{"train loss": 0.8606710433959961, "step": 360, "epoch": 39, "_timestamp": 1670048956.6176925, "_runtime": 573.8846235275269, "_step": 359, "_wandb": {"runtime": 573}}